"","Dose","mu","y","log_y"
"1",0.001,0.999999962962964,1.14693802872555,0.137095807677631
"2",0.2,0.771428571428571,0.729073293224446,-0.315981012624693
"3",0.4,0.296703296703297,0.30767544568139,-1.17870979937879
"4",0.6,0.111111111111111,0.11837019533152,-2.13393831684012
"5",0.8,0.0500927643784786,0.0521593474184909,-2.95345187259057
"6",1,0.0262901655306718,0.026012637651465,-3.64917279553338
